ARI,MRI,SD,NH4R,NO3-R,TINR,NH4T,NO3T,TINT,NH4M,NO3M,TINM,,,
0.212,0.296,12.17,2.833333333,13.70833333,3.708333333,5.345525292,13.51166819,18.88166337,2.890998863,0.732427664,3.565010524,,ARI,Average Rainfall Intensity
0.233,0.36,10,7.291666667,11.08333333,7.291666667,26.72868144,7.320351979,34.10098998,3.769726655,0.302407639,3.559615223,,MRI,Maximum Rainfall Intensity
0.217,0.245,3.83,4.583333333,9.041666667,6.291666663,25.61264323,-17.37003096,8.208764106,7.860077985,0.96508299,7.995065534,,SD,Storm Duration
0.202,0.27,9.17,5.75,9.041666667,7.791666667,9.4452095,14.49410231,23.92274292,3.418351427,0.713130248,3.684187793,,,
0.142,0.158,1.67,3.041666667,7.833333333,3.791666667,5.7590705,-0.034899521,6.031546063,3.075596818,0.828185528,3.660473721,,,
0.48,0.577,2.5,11.75,14.83333333,9.25,9.357111958,7.563713542,16.89444631,2.587247499,0.829684437,2.96615161,,,
0.131,0.173,0.077,19.29166667,11.54166667,11.5,1.260966979,6.638576729,8.237246938,0.261245125,0.801064854,0.958370495,,,
0.118,0.129,7.33,4.541666667,12.58333333,4.75,8.2690925,-2.489625729,5.840538375,1.191209853,1.372142014,1.919673495,,,
